,Name,Close,ChangeCode,Changes,ChagesRatio,Amount,Marcap,Stocks,BPS,PER,PBR,EPS,DIV,DPS
0,삼성전자,0.29591349289440877,0.5054232955997039,-0.31989626113763553,-0.9421407588199127,3.5105266790552574,4.225542537273508,3.6556307094087805,0.033643238156183676,-0.07695878314591348,-0.1327708384840693,-0.47764508123569843,-0.17277523104757928,-0.11023537989007634
1,SK하이닉스,1.156273842959664,2.56837552253727,0.3080310512964335,0.4041169325734283,2.632472704096775,3.2517764731978187,1.9430517092221973,0.34336679104275203,-0.10199265053701588,0.2702553308617925,-0.7129229961111375,-0.7697126444604394,-0.20880771357710182
2,LG에너지솔루션,1.6114495103808169,0.5054232955997039,-4.401423791959084,-1.7742935712992918,1.6018369826860284,2.7175629218037276,1.0192878384227988,0.4239312238899059,-0.056103138450577385,0.7468775833055941,-0.1291997037852593,-1.0345194669518585,-0.693589682529686
3,현대차,1.3766918608352734,0.5054232955997039,-0.7385144694270149,-0.25376303959613317,2.019536812559389,2.384144991318961,0.9289468705629017,1.5058449380424175,-0.09794211546183325,-0.3815956908628187,4.333020947367133,0.9268463199761104,3.9118390225198647
4,삼성바이오로직스,2.2664291751352783,0.5054232955997039,-4.401423791959084,-0.6502337513009682,1.1125519309841787,2.3362337948775833,0.05058821712913704,0.7858007278249849,-0.05919601637138233,1.2024723834356985,0.61759514192918,-1.0345194669518585,-0.693589682529686
5,기아,0.7161702002404354,0.5054232955997039,0.20337649922408865,0.2603418393178288,1.6940095478415078,2.2847089024637794,1.455367340302679,0.6612765979883919,-0.09809108435251424,-0.276458429294333,1.7345855993645707,1.025587847006809,1.5687261725823738
6,셀트리온,1.048650884419171,0.5054232955997039,-0.21524170906529072,-0.07949019928631561,1.3152195685853587,2.084950419903545,0.957874949533217,0.3838570247663754,-0.06823346240602797,0.12306316466591258,-0.2979020284824301,-0.9088484325491509,-0.4915971954661093
7,POSCO홀딩스,1.689136062896948,0.5054232955997039,-2.0466963703313255,-0.6197360042467501,1.754093408774553,1.905824879307891,0.19095890550048067,2.0508098303387596,-0.09013898309282996,-0.4586963493463748,1.7582127574046194,0.1638436111025298,3.3462600587418496
8,KB금융,0.3287776643290836,-1.5575289313378622,0.5696674314772955,0.9705036635803356,1.4382238896627124,1.902627925230121,1.4627684672823487,0.8511046897972927,-0.09721145852182658,-0.4586963493463748,0.5655933127849604,0.7248750146860449,0.5426043382994038
9,NAVER,1.0309950948170945,0.5054232955997039,-0.24140534708337694,-0.10998794634053362,1.7117801331500084,1.8138012178221727,0.7220465218522756,0.8699900766119684,-0.08332188290500071,-0.24141267543817116,0.02249989970552122,-0.7248301321737581,-0.20678778870646605
10,삼성SDI,1.7143128827312188,0.5054232955997039,-4.7938783622303776,-1.695870793159874,1.9611861551034284,1.750243642856921,0.022557857121056818,1.3211314779010799,-0.09290554820547658,-0.15379829079776644,2.604153341062815,-0.9178249350064874,-0.2896047084025325
11,LG화학,1.6809697489266893,0.5054232955997039,-5.05551474241124,-1.8788572754851824,1.9218555418838075,1.7396135703009723,0.043909426998336124,1.6259853416528252,-0.08661338601338028,-0.32552248469295963,1.1734957995536923,-0.6126238514570551,0.7203577269153514
12,삼성물산,0.80282493733715,0.5054232955997039,-0.6600235553727564,-0.7591542764946042,0.945590839589258,1.6631750945753676,0.795667594468055,1.1056072231714702,-0.09494145637811653,-0.41664144471898057,0.7837580991734483,-0.18623998473358364,0.33657200149455546
13,신한지주,-0.12533010103888592,0.5054232955997039,0.24262195625121796,0.16884859815517453,0.9561918592035213,1.649183923902191,1.6524206625422433,0.5730056648571247,-0.09791374043503688,-0.4867329524313043,0.17563479784359445,1.0031465908634685,0.15477876313733638
14,현대모비스,1.2183386412392212,0.5054232955997039,-0.08442351897485967,0.10785310404673835,1.0291517933917125,1.52103775650371,0.27399688997468696,1.6920920633156462,-0.0978924591649396,-0.4692100755032234,3.442696636923425,-0.10545146261755749,1.1243427010425049
15,포스코퓨처엠,1.3564923832255535,0.5054232955997039,-2.8316055108739113,-1.5520956999042745,1.356982423905675,1.4941475826159387,0.11950581498792331,-0.3808053244485998,0.38558252866180576,2.302909054519182,-0.6719618950230156,-0.9896369546651772,-0.5925934389978976
16,카카오,-0.17453220067688247,0.5054232955997039,-0.04517806194773035,-0.8985725487424584,1.0940841390484355,1.478171896800226,1.53935807617901,-0.6189531861669837,-0.10199265053701588,0.04596250618235635,-0.7129229961111375,-0.9716839497505046,-0.6689465991079296
17,LG전자,0.6301805096460158,-1.5575289313378622,0.621994707513468,0.8833672434254268,2.5327709123548936,1.4169031877889462,0.7282332253964592,0.6049648511225957,-0.0821656005630484,-0.28697215545118154,-0.2763726087730399,-0.7113653784877537,-0.37040170322796323
18,하나금융지주,0.12124011019720966,0.5054232955997039,0.25570377526026106,0.26469866032557426,0.7299054985365299,1.4119007045755427,1.2005054593305953,0.7772911828398336,-0.09816202191950517,-0.48322837704568816,0.5435118566727652,1.4474834625016124,0.679959229502636
19,삼성생명,0.40740259000744994,0.5054232955997039,-0.08442351897485967,-0.3452562807587874,0.20155527739244736,1.3680226974458847,0.8915023409819393,1.1993589865077057,-0.09624670761074981,-0.5147695555162338,0.4523154429293994,0.9088933150614379,0.8011547217407821
20,삼성화재,1.6089062019369655,0.5054232955997039,-0.4768780892461528,0.025073504899575005,0.43061561272983506,1.3183013157226124,-0.28069905165586356,1.563204451740675,-0.09633892644783804,-0.32552248469295963,4.009969244445718,1.0704703592934903,5.770169903504771
21,메리츠금융지주,0.29937148112372813,0.5054232955997039,0.020231033097485175,-0.22326529254191507,0.7605684836268541,1.2177095421147126,0.8528335944346198,0.01041980626467751,-0.09713342719813656,-0.11524796155598832,0.5037652356708141,0.3703031676212633,0.2598148564103963
22,두산에너빌리티,-0.8140638946796006,0.5054232955997039,0.0856401281427007,-1.2950432604472935,2.498468263398665,1.1560987898170592,1.838905178448464,-1.154548394303257,0.06882501077716545,0.021430478483043008,-0.7033175627023327,-1.0345194669518585,-0.693589682529686
23,LG,0.36578833846784103,-1.5575289313378622,0.3341946893145197,0.4563987846663736,0.3009210943422757,1.116119640393809,0.6960389506537548,0.9342996792633085,-0.09479248748743556,-0.4692100755032234,0.17386828135461882,0.6710159999420274,0.5587637372644899
24,한국전력,-0.8728004810682933,0.5054232955997039,0.2504710476566438,-0.07949019928631561,0.6654687354300668,1.0988726834988225,1.840685801997243,0.088431588279903,-0.10199265053701588,-0.51827413090185,-0.7129229961111375,-1.0345194669518585,-0.693589682529686
25,HMM,-0.937231180291874,-1.5575289313378622,0.35250923592718003,0.8136581073014998,0.8179319554859013,1.0958817927977398,1.8982825155135992,-0.361815395900432,-0.09425336197830443,-0.43766889703267775,-0.5288740594159912,0.6934572560853681,-0.41080020064067857
26,삼성에스디에스,0.9462306263927912,0.5054232955997039,-0.08442351897485967,-0.0010674211468976605,0.15806966942275374,1.0801271730593847,0.11860781749262736,0.6239352951035668,-0.08940832615282329,-0.14328456464091785,0.27687827411800914,-0.2715167580782779,0.3971697476136285
27,삼성전기,0.9413004166837243,0.5054232955997039,-0.08442351897485967,-0.005424242154643056,1.1536498265624897,1.0442915343546597,0.08987368013015117,0.5664292739106408,-0.08195278786207559,-0.10823881078475593,-0.09497344681135686,-0.7068771272590856,-0.2290069622834595
28,크래프톤,1.3181939102174614,0.5054232955997039,-0.3460598991557218,-0.035921989208861166,0.6126495998188904,1.0437140974745158,-0.2638483298978909,0.678764286130564,-0.08848613778194109,0.07049453388166961,0.7016150824360824,-1.0345194669518585,-0.693589682529686
29,HD현대중공업,0.7845941429222646,0.5054232955997039,-0.05825988095677346,-0.05334927323984294,0.13650806266953372,1.0375253190301406,0.23042473234280247,0.12640860045560143,0.2348331050493611,0.14759519236522584,-0.6822297721151863,-1.0345194669518585,-0.693589682529686
30,KT&G,0.4084178228570422,0.5054232955997039,0.17721286120600244,0.1514213141241928,0.1990133214919354,0.9945124460821242,0.5429043060905502,0.37797153487071916,-0.09425336197830443,-0.2729538539087168,0.15300130532859443,1.689849028849691,1.4071321829315124
31,SK텔레콤,-0.027839854290624893,-1.5575289313378622,0.3603583273326059,0.5740329518755005,0.29618558119043287,0.9921984665139111,0.9495690341466739,0.056157946730917015,-0.09457258102976365,-0.30099045699364635,-0.1659653282120642,2.030956122228468,0.7365171258804375
32,한화에어로스페이스,1.2203329883096872,0.5054232955997039,-1.000150849607877,-0.5718109731615504,1.4363769109549425,0.9851924843315636,-0.22661284244056978,0.25999396117874335,-0.09238770396644273,0.4524932509138343,1.0649654427622535,-0.6619946149724044,0.03358327089919032
33,SK스퀘어,0.3615151142354995,0.5054232955997039,-0.26756898510146315,-0.746083813471368,0.48512765021528065,0.9765043879241184,0.5700957499404007,0.6258658996659233,-0.10199265053701588,-0.38860484163405107,-0.7129229961111375,-1.0345194669518585,-0.693589682529686
34,고려아연,1.978717466519463,-1.5575289313378622,3.1860312332859166,1.340833449238698,0.692317443922519,0.9753883225455139,-0.9464140305834492,1.6975827247790858,-0.08782641840892534,-0.23440352466693876,2.173012910472205,0.2536086356758923,5.366184929377617
35,아모레퍼시픽,1.0833874782028199,-1.5575289313378622,2.348794816707158,2.308047712958186,1.1064393902661873,0.973549141811467,-0.10911917761003824,0.27299401467418566,-0.05136450897558265,0.27726448163302486,-0.4248704011275521,-0.8145951567471205,-0.3259633560739763
36,카카오뱅크,-0.7520731384313342,0.5054232955997039,0.20337649922408865,-0.3583267437820237,0.279378957516208,0.9605566392701513,1.5988097446762533,-1.04315083421871,-0.08056950530575227,-0.027633576915583602,-0.6306695720932107,-0.7338066346310944,-0.632991936410613
37,기업은행,-1.200882631042058,2.56837552253727,0.3080310512964335,0.4041169325734283,-0.14260254049404364,0.9581681193164494,2.0171855334169826,-0.17423919979586475,-0.09898489769660006,-0.5217787062874661,-0.36381517497733257,2.255368683661874,-0.29606846798856695
38,HD현대일렉트릭,1.4859879342422582,0.5054232955997039,-1.3926054198791702,-0.5325995840918413,1.7606826990563158,0.9555900897156794,-0.5031087373179862,-0.4128114880088559,-0.07283021674704082,2.9197143223876316,0.0820094239278871,-0.8819189251771423,-0.2896047084025325
39,SK,0.8643784287343758,0.5054232955997039,-0.8170053834812736,-0.8550043386650039,0.7796650661343745,0.9491614543643032,0.07341407640255052,1.5527025417312998,-0.10199265053701588,-0.5042558293593853,-0.7129229961111375,0.5184154581673114,1.3263351881060816
40,우리금융지주,-1.1493742105093365,-1.5575289313378622,0.31326377890005075,0.4651124266818645,0.3577397363748336,0.9477324040370924,1.9592009687303915,-0.1287122942743753,-0.09886430383271547,-0.5217787062874661,-0.35619707261862527,2.116232895573162,-0.2896047084025325
41,SK이노베이션,0.56151181680072,0.5054232955997039,-0.4507144512280666,-0.7983656655643131,0.6603820502420532,0.8789496160268577,0.2918793507753571,1.1790386987477735,-0.07619975117911043,-0.4867329524313043,-0.40289935229591795,-1.0345194669518585,-0.693589682529686
42,HD한국조선해양,0.7995973776915548,0.5054232955997039,0.020231033097485175,0.05121443094604762,0.6115384339627796,0.8544758614640598,0.04599100184652622,0.7965022968412346,-0.07160299683809758,-0.3044950323792625,-0.3667961715524789,-1.0345194669518585,-0.693589682529686
43,한화오션,-0.480773037069558,0.5054232955997039,0.26878559426930415,0.19063270319390174,0.5415535213932148,0.8466862134704769,1.238582189938799,-0.9733888762979418,-0.07235493504820154,0.12656774005152868,-0.6316632376182595,-1.0345194669518585,-0.693589682529686
44,KT,-0.3438698360093322,0.5054232955997039,0.26878559426930415,0.22548727125586523,0.15106435512881974,0.8314615665071425,1.096117423781154,0.23985765068710713,-0.0956792070748223,-0.4551917739607586,-0.266546360803113,1.4070892014435994,0.09822086675953488
45,하이브,1.142439206078348,0.5054232955997039,0.12488558516983002,0.25162819730233793,0.6861789834234383,0.7360817218126623,-0.3854802547045611,0.26348435589562685,-0.07060277714352534,0.35436514011658093,-0.21564860446450324,-0.8774306739484742,-0.41080020064067857
46,삼성중공업,-1.5100874722989754,0.5054232955997039,0.2714019580711128,-0.2363357555651514,0.661458937837926,0.7329937290379474,2.097381659726786,-1.9360539628808418,-0.10199265053701588,0.17563179545015536,-0.7129229961111375,-1.0345194669518585,-0.693589682529686
47,S-Oil,0.2135956376125338,0.5054232955997039,0.25570377526026106,0.2777691233488106,0.09646465681828578,0.6704092887267494,0.42381168127378116,0.34214773046717095,-0.09604098866647608,-0.332531635464192,0.186785933180253,0.08305508898650374,-0.0068152265135250365
48,포스코인터내셔널,-0.17950941686165806,0.5054232955997039,-0.31989626113763553,-1.874500454477437,0.6071144643736712,0.6649390907032166,0.7871015004944986,-0.25233673942811236,-0.09416114314121621,-0.21688064773885782,-0.2780287179814545,-0.0022216843581907243,-0.2896047084025325
49,대한항공,-0.8265905541454334,0.5054232955997039,0.21645831823313175,-0.3234721757200602,0.31481896136332005,0.6593352239358771,1.3882789951741508,-0.5062531411319399,-0.09687805195696916,-0.3605682385491215,-0.39649573002338134,0.5947157290546694,-0.3906009519343209
50,DB손해보험,0.5657547821042327,-1.5575289313378622,0.7266492595858128,1.092494651797208,0.33494223383800065,0.6193720939503847,0.04630011297329649,0.9479146522143559,-0.09948146066553665,-0.4306597462614454,2.483919812531912,1.28590641826956,1.4475306803442276
51,LS ELECTRIC,1.2725189230169056,-1.5575289313378622,0.43884924138686454,0.49996699474382805,1.6416459519399316,0.5800919883954647,-0.6525653663993454,0.12226265728301206,-0.07857615967330689,0.7503821586912105,0.061252855182423675,-0.4914410682830158,0.43756824502634384
52,현대글로비스,1.0654788634607404,0.5054232955997039,-0.11058715699294587,0.025073504899575005,0.17846435925374485,0.5667703717193765,-0.47094862666140175,1.0966382731559177,-0.09741717746610032,-0.332531635464192,2.4112718219227904,0.5139272069386434,1.8515156544713813
53,LG생활건강,1.8103228803755984,0.5054232955997039,-1.000150849607877,-0.09691748331729728,0.6176409466280725,0.5507494539480771,-1.1838478637031844,1.4429619841496926,-0.06616208544989255,-0.1748257431114635,0.22697418330444813,-0.6709711174297406,0.7203577269153514
54,SK바이오팜,0.37743244081419286,0.5054232955997039,-0.05825988095677346,-0.3234721757200602,-0.49785359189720607,0.517961499949692,0.1283883769070292,-2.0176495247359285,-0.10199265053701588,7.35300218519211,-0.7129229961111375,-1.0345194669518585,-0.693589682529686
55,LG이노텍,1.330563941394973,-1.5575289313378622,2.4011220927433303,1.8592951491604055,1.4397284476896888,0.4311898710265011,-0.8455503767291807,1.067870533316268,-0.0946435185967546,-0.20636692158200923,1.924044492807205,-0.5632530879417057,0.3608110999421847
56,LS,1.0573459874411288,0.5054232955997039,-0.3460598991557218,-0.1884107244799516,1.4345716046301902,0.4253379278714033,-0.5949663552530422,0.957158424689157,-0.09391995541344701,-0.2729538539087168,1.0404550264777168,-0.6350651076003956,-0.04721372392624039
57,두산밥캣,0.059803497029107235,0.5054232955997039,-0.05825988095677346,-0.6371632882777319,-0.13383079311558552,0.4141053466631234,0.32937464843386843,0.13679987303591057,-0.09757324011348038,-0.3044950323792625,0.3031552068915213,0.2177026258465473,-0.04721372392624039
58,넷마블,0.18257345315677945,-1.5575289313378622,0.7266492595858128,1.4846085424942976,0.007702625512789614,0.4031763108980911,0.20415414221903466,0.15366940557242356,-0.10199265053701588,-0.25893555236625204,-0.7129229961111375,-1.0345194669518585,-0.693589682529686
59,유한양행,0.22994786473744222,0.5054232955997039,0.15104922318791622,0.033787146915065895,0.3008656678546413,0.39038799686193226,0.1478566561487247,-0.45716289440354446,-0.07475262481249527,0.24922787854809533,-0.5125337818929667,-0.7427831370884306,-0.511796444172467
60,한국항공우주,0.04759202709047969,0.5054232955997039,-0.24140534708337694,-1.1556249881994394,1.2368965309216688,0.37727193903299155,0.3065351930919785,-0.8554747224551292,-0.08454910281394395,0.5681442386391685,-0.4592070653820155,-0.6395533588290638,-0.4915971954661093
61,HD현대,0.22870087344448353,-1.5575289313378622,0.5958310694953818,1.1055651148204442,0.576538935481289,0.3757741894165965,0.13542333554769173,0.565027031760125,-0.0888053568334003,-0.4061277185621319,-0.2996685449714057,1.353230186699582,0.8011547217407821
62,한국타이어앤테크놀로지,-0.16270197864833305,0.5054232955997039,0.19029468021504553,-0.03156516820111572,0.18504094900869156,0.3751282964600848,0.5016081327778132,0.34883372179549876,-0.09666523925599636,-0.44117347241829385,-0.06107841167913734,0.28053814304790103,-0.16840921616438645
63,에코프로머티,0.3442088193155228,0.5054232955997039,-0.5292053652823252,-1.2819727974240571,0.5315702619300063,0.37360938458855514,0.02516575039604242,-1.1225888844956309,0.5614793197725383,1.763204445134289,-0.7035383772634546,-1.0345194669518585,-0.693589682529686
64,한화솔루션,-0.45571801359318403,0.5054232955997039,0.11180376616078691,-0.6023087202157684,1.181509961299785,0.3665773628707918,0.7682387739404827,-0.06660239824117567,-0.10199265053701588,-0.3991185677908996,-0.7129229961111375,-0.608135600228387,-0.57239419029154
65,포스코DX,-0.3511378075398276,0.5054232955997039,-0.12366897600198898,-1.5215979528500563,0.503518198452552,0.3645241707110468,0.6683238758743395,-2.1560428319333593,-0.060132392255662734,3.4944646856286865,-0.6461265913717473,-0.9088484325491509,-0.6531911851169707
66,CJ제일제당,1.6559997513932847,0.5054232955997039,-1.000150849607877,-0.19276754548769706,0.14243796060685252,0.3632128946018787,-1.213783640136272,1.6889602878358623,-0.09138748427187049,-0.35706366316350535,1.9457947270777172,-0.34781702896563593,1.5283276751696584
67,SKC,0.8418809721196141,-1.5575289313378622,0.6481583455315542,0.8093012862937543,2.092664925187961,0.35019585755675414,-0.46299407619980726,-0.1403544196192293,-0.10199265053701588,0.5506213617110876,-0.7129229961111375,-1.0345194669518585,-0.693589682529686
68,LG디스플레이,-1.4451344773219579,0.5054232955997039,0.2243074096385576,-0.9290702957966764,-0.08245375360007955,0.30405559409257016,1.6372722223965284,-0.754601252990878,-0.10199265053701588,-0.45168719857514245,-0.7129229961111375,-1.0345194669518585,-0.693589682529686
69,금양,0.3593705920752353,0.5054232955997039,-0.6338599173546702,-1.4518888167261292,0.6882115660554005,0.23795554617254203,-0.11530289019388267,-2.071564197494972,-0.10199265053701588,7.756028354537972,-0.7129229961111375,-1.0345194669518585,-0.693589682529686
70,삼성카드,-0.24264594168428302,-1.5575289313378622,0.373440146341649,0.6742398350536456,-0.9422633493774787,0.2361370947993681,0.447157708169798,0.32827591449324195,-0.09697027079405739,-0.4551917739607586,-0.08238701682740564,1.73921979236504,0.3163727527881978
71,삼성E&A,-0.7032890206151342,0.5054232955997039,0.25570377526026106,0.04250078893055678,0.2427461416224172,0.23208016421501065,0.8750593386797624,-0.7952630759546299,-0.09760161514027675,-0.17132116772584732,-0.2882965950736252,-1.0345194669518585,-0.693589682529686
72,롯데케미칼,0.6014131923126579,0.5054232955997039,-1.9158781802408944,-2.8068601501349613,0.7564137956514342,0.21464113564213358,-0.36382080516731763,1.5416481787309169,-0.10199265053701588,-0.5393015832155471,-0.7129229961111375,0.4331386848226171,0.7203577269153514
73,미래에셋증권,-1.7260973979415857,0.5054232955997039,0.2740183218729214,-0.3539699227742783,-0.6452601166207113,0.1737265071639865,1.779285681230692,-0.7713080919164124,-0.09220326629226627,-0.5007512539737691,-0.6542967301332595,-0.11442796507489374,-0.632991936410613
74,카카오페이,-0.44075498093063087,0.5054232955997039,0.17721286120600244,-0.2624766816116241,-0.4522081535514175,0.1673198847763859,0.5687566800283146,-0.9777820137641285,1.1002146722852253,0.16511806929330672,-0.710825257780479,-1.0345194669518585,-0.693589682529686
75,LG유플러스,-1.4756709304825897,2.56837552253727,0.3080310512964335,0.4041169325734283,-0.4936418945712878,0.15476348160941783,1.5269360409208241,-0.7133185333342597,-0.09720436476512749,-0.4657055001176072,-0.5529428465782839,1.950167600112442,-0.43099944934703627
76,엔씨소프트,1.1203715214647072,0.5054232955997039,0.020231033097485175,0.16013495613968362,0.19341877738283955,0.15386346440077814,-0.9067035016410221,0.8991558164942314,-0.08879826307670122,-0.21688064773885782,0.440391456628814,-0.31191101913629093,0.5708832864883046
77,SK바이오사이언스,0.02105816750484052,0.5054232955997039,-0.05825988095677346,-0.6807314983551864,-0.3574711817956998,0.14241022632188488,0.11280143630234926,-0.6225208371506914,0.0315969756203206,0.22469585084878205,-0.6807944774678937,-1.0345194669518585,-0.693589682529686
78,코웨이,0.041421298970617366,-1.5575289313378622,0.3341946893145197,0.4825397107128463,-0.1193430372057028,0.1277485373173748,0.08007258045663662,-0.2414447335849307,-0.09586364474899874,-0.10122966001352356,0.004172291132399266,0.04714907915715875,-0.14820996745802878
79,GS,-0.1755253647564949,-1.5575289313378622,0.43884924138686454,0.9095081694718993,-0.5977991802392646,0.11073859558745239,0.26754293521719646,0.8074908976322518,-0.09973683590670401,-0.5322924324443148,0.8037418169549849,1.5327602358463066,0.3163727527881978
80,삼양식품,2.0049395371229677,0.5054232955997039,0.046394671115571384,0.3213373334262649,1.0290694083367753,0.10909169907276141,-1.7772966336106835,0.32309784045528683,-0.07944869174729544,1.8473142543890773,1.1561618565056193,-0.8594776690338016,0.15477876313733638
81,현대로템,-0.3247807622343859,0.5054232955997039,-0.4507144512280666,-2.7763624030807432,1.4474448374921525,0.10121847909179586,0.39855111949084676,-0.9038021541339829,-0.08429372757277658,0.19665924776385252,-0.5500722572836985,-0.9133366837778192,-0.6531911851169707
82,한진칼,0.10124023869001114,-1.5575289313378622,0.3865219653506921,0.6219579829607004,-0.8305715316222727,0.10034206871903004,-0.0014927721263733524,-0.14862118145867823,-0.09458676854316184,-0.1292662630984531,-0.07741868920216173,-0.8101069055184524,-0.57239419029154
83,현대제철,-0.5007725796132521,0.5054232955997039,0.13796740417887313,-0.519529121068605,0.26903799221845914,0.0998260322633874,0.5621800567853953,0.8242873857204306,-0.09591330104589241,-0.5673381863004767,-0.32583507046435695,0.4600681921946258,-0.2896047084025325
84,NH투자증권,-1.2843691835152358,0.5054232955997039,0.297565596089199,0.2603418393178288,-0.5222185714475185,0.09591070138819228,1.2928752854462746,-0.6372775142370952,-0.09654464539211176,-0.44467804780391007,-0.5375962345803083,1.9097733390544287,-0.37040170322796323
85,CJ,0.8117988141054763,0.5054232955997039,-0.4507144512280666,-0.5021018370376232,0.4773389542563067,0.09190970632624769,-0.6752054221349405,0.9201259690669975,-0.08535069732094157,-0.350054512392273,-0.07189832517411296,-0.047104196644871775,0.5183652398517745
86,금호석유,0.8406481321793846,0.5054232955997039,-1.0786417636621357,-1.1774090932381664,0.09408472140281321,0.07466638569486761,-0.7182893076153878,1.149359182360429,-0.09601970739637881,-0.41664144471898057,1.1338595858323022,-0.10993971384622551,0.47796674243905923
87,현대건설,-0.3922365944749925,0.5054232955997039,0.19029468021504553,-0.16226979843347894,-0.16940556027418271,0.05085868148133311,0.41489237392293477,0.28827149913638944,-0.09692770825386283,-0.4762192262744558,-0.18661148967696664,-0.24458725070626916,-0.4511986980533939
88,한미약품,1.47119134474945,0.5054232955997039,-1.5234236099696012,-0.6197360042467501,0.10516151324656917,0.03605118487703081,-1.345108677162644,0.3191529822287329,-0.08407382111510467,0.7118318294494322,0.5591896905124238,-0.9582191960645003,-0.4915971954661093
89,오리온,0.4738694015269715,0.5054232955997039,-0.05825988095677346,-0.2450493975806423,0.26754803802553656,0.01736623232744255,-0.42791438495656986,0.2885905664267018,-0.09511880029559389,-0.19585319542516066,0.3390375730738384,-0.4286055510816621,-0.18860846487074412
90,한국금융지주,0.17464163057326035,0.5054232955997039,0.15104922318791622,0.007646220868593228,-0.19372605796420425,0.01623802284079914,-0.14855779503717148,0.8146499229389411,-0.09816202191950517,-0.47972380166007195,0.6230050986766678,0.7832222806587305,0.3769704989072708
91,LIG넥스원,0.9543859569157649,0.5054232955997039,-2.3344963885302734,-2.1751211040118723,1.0855836481421919,-0.011423120122449837,-0.9050007428282589,-0.023444196189805425,-0.08781223089552716,0.5225847586261579,0.17342665223237494,-0.4914410682830158,0.09418101701826335
92,두산,1.1899259961040147,0.5054232955997039,-2.177514560421756,-1.478029742772602,0.7305042377652574,-0.024580876920097236,-1.1379705699352842,0.4665508038768904,-0.10199265053701588,0.168622644678923,-0.7129229961111375,-0.608135600228387,0.11438026572462102
93,대한전선,-0.9425020556313753,0.5054232955997039,0.145816495584299,-1.0423476419980577,1.6049673966003326,-0.05246523579610832,0.8343919372360064,-1.523944689057513,-0.0772921897107709,0.28076905701864097,-0.6556216174999911,-1.0345194669518585,-0.693589682529686
94,한화시스템,-0.9565532997948467,0.5054232955997039,0.14058376798068173,-1.1076999571142396,0.4289694321941003,-0.055094791074810065,0.8451124656573057,-1.1320180453879658,-0.0952252066460803,-0.09772508462790735,-0.5071238251454789,-0.32986402405096343,-0.5804738897740831
95,삼성증권,-0.3118962351443887,-1.5575289313378622,0.3341946893145197,0.5217510997825553,0.1922994789365048,-0.06126863383499834,0.23524109807757834,0.3069672941216291,-0.09767255270726768,-0.4657055001176072,-0.036126366272356845,1.6090605067336645,0.19517726055005175
96,키움증권,0.767986847025884,-1.5575289313378622,1.2760856579656232,1.6850223088505878,-0.10500232156495519,-0.0690760217869868,-0.783987722778656,0.9819940690228501,-0.09609064496336975,-0.38510026624843485,1.0053455112593266,0.006754818099145525,0.5183652398517745
97,SK아이이테크놀로지,-0.14813726054233184,0.5054232955997039,-0.07134169996581656,-0.9508544008354035,-0.10133163920885452,-0.09326448426888133,0.05200031152393086,-0.2975141340943854,-0.07422059306006322,-0.1748257431114635,-0.5857338089048936,-1.0345194669518585,-0.693589682529686
98,강원랜드,-1.1152882721679567,0.5054232955997039,0.26878559426930415,-0.03156516820111572,-0.02354377940585719,-0.10615760958239652,0.946343451652502,-0.7772273342930425,-0.09574305088511414,-0.35355908777788914,-0.5273283574881374,1.7841023046517215,-0.31788365659143325
99,쌍용C&E,-1.7648617957823614,2.56837552253727,0.3080310512964335,0.4041169325734283,-1.7424728058084202,-0.12217621656732791,1.5402033996229645,-2.1110842895773665,-0.09069229611535928,0.12656774005152868,-0.6643437926643083,0.7562927732867218,-0.5804738897740831
100,아모레G,-0.34870838648154584,-1.5575289313378622,0.8051401736400714,2.843936696910875,-0.027758827272824967,-0.16803507802280315,0.17036486631481254,-0.22770495369916002,-0.0823996945341185,-0.30099045699364635,-0.5698351605041131,-0.7293183834024262,-0.5946133638685335
101,현대해상,-0.41944065697122374,-1.5575289313378622,0.491176517423037,1.349547091254189,0.3498997483684574,-0.1685692855908826,0.2361520113527221,0.3381100849548558,-0.09891396012960912,-0.49023752781692054,0.1272764089578871,1.770637550965717,0.1398313190946317
102,HD현대미포,0.27368726843953933,2.56837552253727,0.3080310512964335,0.4041169325734283,0.05353685238036269,-0.1752461665491489,-0.41959864187923307,-0.005944044078458874,-0.10199265053701588,-0.12225711232722071,-0.7129229961111375,-1.0345194669518585,-0.693589682529686
103,농심,1.9022365638465397,-1.5575289313378622,2.6627584729241924,1.2406265660605529,0.6955793344293834,-0.18131737146767654,-1.9513543845640624,1.642633577401178,-0.09058588976487288,-0.24141267543817116,2.5692646404055464,-0.5632530879417057,1.3263351881060816
104,한온시스템,-2.0275802659877176,0.5054232955997039,0.29233286848558176,-0.09691748331729728,-0.23265672519473077,-0.22523548515694267,1.6905120369514188,-1.8602008439179292,-0.06371473938870514,-0.23089894928132257,-0.7023238971772839,1.703313782535695,-0.5659304307055055
105,KCC,1.5190928432655755,-1.5575289313378622,2.4011220927433303,1.567388141641461,-0.2634315429993113,-0.23557255633843427,-1.642812015682365,2.039879193690556,-0.09445198716587906,-0.4867329524313043,2.4797243358705954,0.13242585250185301,2.538290110487542
106,BNK금융지주,-1.6088027700448424,-1.5575289313378622,0.33157832551271105,0.874653601409936,-0.5964776576829386,-0.24531256601925377,1.279333292207528,-0.34635671511754756,-0.09887139758941456,-0.5498153093723958,-0.5025971266424789,1.694337280078359,-0.4875573457248378
107,롯데지주,-0.6348949489851943,0.5054232955997039,0.2949492322873904,0.3213373334262649,-1.1039343503493848,-0.2456068073887859,0.3663557182682447,0.5036845381141748,-0.10199265053701588,-0.5463107339867795,-0.7129229961111375,1.582130999361656,-0.08761222133895574
108,한전기술,0.23985986237219142,0.5054232955997039,-0.26756898510146315,-0.91599983277344,0.22615610378284406,-0.24784413261471158,-0.45546985432932324,-0.9557951093056993,-0.04370325174056123,1.0763076695535159,-0.6181935493898204,-0.7068771272590856,-0.485537420854202
109,한국가스공사,-0.5346628545999302,-1.5575289313378622,0.3341946893145197,0.5566056678445187,-0.8574372974677215,-0.25654062563681734,0.2622491703402938,0.6255433240757771,-0.10199265053701588,-0.5498153093723958,-0.7129229961111375,-1.0345194669518585,-0.693589682529686
110,JB금융지주,-1.1905894447984864,-1.5575289313378622,0.33942741691813694,0.7918740022627725,-0.8649759114568684,-0.26266382380006364,0.8712433354744459,-0.49655286216224426,-0.09867986615853903,-0.4586963493463748,-0.3919690315203814,1.7930788071090575,-0.3481825296509698
111,F&F,0.1679759921392988,0.5054232955997039,0.15104922318791622,0.003289399860847784,-0.4363241334678915,-0.3182282723683294,-0.4536176875585332,-0.29730928800085776,-0.09786408413814324,0.03194420463989158,0.5174557384603751,0.14140235495918926,-0.0068152265135250365
112,한화생명,-2.5679761008897732,0.5054232955997039,0.2988737779901033,-0.1361288723870063,-0.6548005741895032,-0.34378778366596285,2.0867034584638477,-0.8114650635674404,-0.09992836733757955,-0.5848610632285577,-0.6075944504559668,1.389136196528927,-0.632991936410613
113,휠라홀딩스,-0.2589006909120536,-1.5575289313378622,0.5173401554411231,1.3016220601689892,-0.9907255960228337,-0.344748115431392,-0.07827177198858305,-0.34621120234595965,-0.06227470677878908,-0.20286234619639304,-0.6346442341934059,0.1997496209318748,-0.2532460607310887
114,CJ대한통운,0.582522356385085,0.5054232955997039,0.15104922318791622,0.15577813513193822,0.02311112394379363,-0.3541130605420808,-0.875489233720904,0.9926745413280345,-0.09482795627093103,-0.43766889703267775,0.4305652086588872,-0.8190834079757886,-0.4915971954661093
115,에스원,0.12406000766384447,-1.5575289313378622,0.4126856033687783,0.6873102980768819,-0.810337546413395,-0.3695006937000091,-0.46018593065661906,-0.039981550812562584,-0.0941824244113135,-0.18183489388269589,-0.09420059584743004,0.9313345712047785,0.3971697476136285
116,팬오션,-2.179221041899015,-1.5575289313378622,0.3106474150982421,0.5043238157515735,-0.4618698913903908,-0.376680680770903,1.6916844901837012,-1.3327356457288988,-0.09525358167287666,-0.4692100755032234,-0.6623564616142107,-0.1593104773615749,-0.659250959728878
117,롯데에너지머티리얼즈,-0.07787794142236548,-1.5575289313378622,1.3938220290470111,4.442890006753451,1.0891830590884937,-0.403624530697446,-0.30270959217761984,-0.36248383536620826,-0.10199265053701588,-0.09071593385667498,-0.7129229961111375,-0.8505011665764655,-0.6127926877042553
118,호텔신라,0.042968095974806636,0.5054232955997039,0.15104922318791622,-0.05770609424758839,0.07884120120074031,-0.42286686947955027,-0.4338651543476559,-0.8703705538693545,-0.08442850895005936,0.5856671155672495,-0.46229846923772283,-0.8729424227198062,-0.6127926877042553
119,제일기획,-0.9169283991845848,0.5054232955997039,0.30279832369281623,0.3561919014882285,-0.8899524493710036,-0.44895239932704123,0.4413932944489937,-1.051589991128772,-0.0948563312977274,-0.12576168771283688,-0.5087799343538936,1.6404782653343415,-0.24516636124854563
120,씨에스윈드,-0.0516365417049168,0.5054232955997039,-0.24140534708337694,-1.3386114705247478,0.24808098241286722,-0.45529751155819453,-0.37539551625651724,-0.6411802346075104,-0.02750820519652984,0.17563179545015536,-0.6599275014418693,-0.5901825953137144,-0.4915971954661093
121,한미사이언스,-0.4821864035147939,0.5054232955997039,0.20337649922408865,-0.15791297742573351,-0.6077116868969749,-0.4659846964196753,0.018131228497682585,-1.1201335725530428,-0.08913876339825771,0.28427363240425724,-0.5258930628408448,-0.7427831370884306,-0.6127926877042553
122,금호타이어,-1.7380264655096096,0.5054232955997039,0.2844837770801559,-0.13177205137926085,-1.0148647177282215,-0.47550238078521284,1.1861925596266956,-1.8676859754201987,-0.0926501729643092,-0.06618390615736171,-0.6523093990831619,-1.0345194669518585,-0.693589682529686
123,BGF리테일,0.6894217046714707,0.5054232955997039,0.22954013724217484,0.2951964073797923,-1.0236537292989505,-0.4891685046549634,-1.1013679042911215,0.1714906531692044,-0.09459386229986093,0.0249350538686592,0.5387643436086433,0.5229037093959795,0.9627487113916434
124,GS리테일,-0.876356258026951,0.5054232955997039,0.1850619526114283,-0.6197360042467501,-0.7439364349001808,-0.4903182402688825,0.3648701140177002,-0.18327236483188386,-0.02203182502482934,-0.4657055001176072,-0.6938225365740888,0.11447284758718052,-0.4915971954661093
125,한솔케미칼,1.0398678523920106,0.5054232955997039,-0.9216599355536185,-0.7242997084326407,-0.37381497797346147,-0.5052343914854242,-1.4447228078600434,0.34309935766090915,-0.08901816953437312,0.15810891852207434,0.3562611088413506,-0.5004175707403521,0.15477876313733638
126,한화,-0.603429803367006,-1.5575289313378622,0.42576742237782145,1.1491333248978985,-0.595000034389984,-0.5078802249788732,0.09275656965292471,0.6209715862138118,-0.09716180222493292,-0.5568244601436281,-0.280126456312113,0.22667912830388354,-0.3906009519343209
127,HL만도,-0.208953641610995,0.5054232955997039,0.020231033097485175,-0.7068724244016589,0.198130510607973,-0.5196915332406492,-0.28790726577291664,-0.036000171955606466,-0.09167123453983424,-0.32902706007857585,-0.39384595528991795,-0.39269954125231715,-0.4511986980533939
128,한올바이오파마,-0.32832815221824535,-1.5575289313378622,0.752812897603899,2.5215319423377127,0.43646695160086185,-0.5466422379610137,-0.20112438609583086,-2.0068859510574812,0.2747993302920561,2.85663196544654,-0.7053048937524302,-1.0345194669518585,-0.693589682529686
129,코스맥스,0.9846960892931947,-1.5575289313378622,1.0144492777847611,1.122992398851426,0.4057963164562104,-0.5596783600428564,-1.4436956682941304,-0.34137644511478143,-0.07858325343000598,1.1814449311220014,-0.1569119312060642,-0.8998719300918149,-0.4915971954661093
130,OCI홀딩스,0.5061949168512441,0.5054232955997039,-0.4507144512280666,-0.8767884437037311,-0.24922368311899104,-0.5652865768762153,-1.0005137870003515,1.0321785222481357,-0.10013408628185327,-0.4657055001176072,3.3213590355869127,0.5094389557099751,0.6395607320899206
131,롯데쇼핑,0.1772936280421896,0.5054232955997039,0.22954013724217484,0.20370316621713805,-0.6879727157710616,-0.5739549213287092,-0.700368213123678,1.4698906831359033,-0.09396251795364158,-0.5708427616860928,-0.07322321254084466,1.5641779944469836,0.8415532191534973
132,동서,-0.9183295746168829,-1.5575289313378622,0.3158801427018593,0.4738260686973554,-1.4649764611977822,-0.575519020040352,0.324903833681273,-0.8598093399976952,-0.09301195455596299,-0.24141267543817116,-0.5508451082476253,0.8505460490887524,-0.3784814027105063
133,풍산,0.1759686415054388,-1.5575289313378622,0.3341946893145197,0.46946924768960996,0.5583436108346257,-0.583502821463876,-0.7080133226592781,0.28391900662581004,-0.09387739287325245,-0.3220179093073434,-0.08062050033843003,-0.2131694921055923,-0.20880771357710182
134,오뚜기,1.8632153751672866,0.5054232955997039,-0.6076962793365839,0.07299853598477485,-0.6864801787066257,-0.5854161312886662,-2.290904990041628,1.8670602006714951,-0.09504076897190385,-0.35706366316350535,4.4339332017998645,-0.15033397490423864,2.9422750846146957
135,DB하이텍,-0.24264594168428302,0.5054232955997039,0.20337649922408865,-0.022851526185624832,-0.029001088619681974,-0.6026070089614749,-0.33350783713182375,-0.13718700391664979,-0.09739589619600303,-0.30099045699364635,-0.023871158130088548,-0.39269954125231715,-0.459278397535937
136,이마트,0.12124011019720966,0.5054232955997039,-0.05825988095677346,-0.5674541521538048,-0.0999990359264656,-0.6432493771004234,-0.7123364349695518,1.6558739160174574,-0.10199265053701588,-0.59187021399979,-0.7129229961111375,0.4241621823652808,0.11438026572462102
137,HD현대인프라코어,-1.601587214310937,0.5054232955997039,0.30541468749462486,0.351835080480483,0.12150856467337275,-0.6564666749765431,0.8898869891816844,-1.3086656548055633,-0.09681420814667732,-0.31500875853611104,-0.5849609579409668,-0.4510468072250027,-0.6491513353756991
138,에스엘,-0.34870838648154584,-1.5575289313378622,0.621994707513468,1.915933822261096,-0.2003612252900868,-0.6699239160481715,-0.2967708439901552,-0.13318620231682202,-0.09850961599776077,-0.3430453616210406,0.09139404277557002,0.0920315914438398,-0.3300032058152479
139,한전KPS,-0.3307011537661541,0.5054232955997039,0.020231033097485175,-0.8680748016882402,-0.103833402364301,-0.6794981343219494,-0.32255694464352963,-0.4353754868210472,-0.09482086251423195,-0.18884404465392826,-0.3138006768832106,1.6135487579623329,0.17820989163671128
140,효성티앤씨,1.6949224896406756,0.5054232955997039,-2.9624237009643424,-0.994422610912858,0.056987567588646294,-0.6877123566023751,-2.228411968939871,1.3710340196942967,-0.0896282326104952,-0.19585319542516066,1.6713222276031316,0.15935535987386176,3.3462600587418496
141,효성첨단소재,1.654792608263626,0.5054232955997039,-1.3926054198791702,-0.37139720680526006,-0.22283070362750304,-0.6978774200023297,-2.2002677893304177,0.8578661414930094,-0.06994305777050959,0.18965009699262014,0.16558773531254567,-0.22214599456292855,1.932312649296812
142,두산퓨얼셀,-0.6781131770534847,0.5054232955997039,-0.12366897600198898,-2.3450371233139444,0.8264984218591896,-0.7011112723247152,-0.017106552719038833,-1.5958131902752157,-0.10199265053701588,0.7293547063775131,-0.7129229961111375,-1.0345194669518585,-0.693589682529686
143,신세계,0.9608555314469831,0.5054232955997039,-1.3141145058249115,-1.2035500192846391,0.09906358678239631,-0.7080217223754482,-1.5594261734772343,1.688390758701283,-0.09712633344143745,-0.5147695555162338,1.8898182358333024,0.07407858652916749,0.9223502139789281
144,대우건설,-2.318580803946786,0.5054232955997039,0.30279832369281623,0.16884859815517453,-0.7039400179594093,-0.7371093878412768,1.4868386116473185,-1.2476706419492016,-0.09987871104068591,-0.5077604047450014,-0.5754659318127229,-1.0345194669518585,-0.693589682529686
145,현대위아,0.038319416220570474,0.5054232955997039,0.15104922318791622,-0.05770609424758839,-0.6827211604782342,-0.7483552105220096,-0.73245885347347,0.722907873118262,-0.0904369208741919,-0.4867329524313043,-0.3340052092258691,-0.35230528019430407,-0.35020245452160553
146,현대엘리베이,-0.2776981577974541,0.5054232955997039,0.059476490124614485,-0.6371632882777319,-0.8403311296543707,-0.7491988794805606,-0.43710112629368375,-0.2577437830133574,-0.09876499123892814,-0.25893555236625204,0.22973436531847252,3.588379298576306,0.9223502139789281
147,세방전지,0.580860090911309,-1.5575289313378622,0.5696674314772955,0.826728570324736,-0.5598999509015303,-0.7827330343786979,-1.2728718367315428,0.5314218082010425,-0.09365748641558054,-0.2729538539087168,0.26837691351481396,-0.7338066346310944,-0.41080020064067857
148,영원무역,-0.42207651756081127,0.5054232955997039,0.13796740417887313,-0.44110634292918705,-0.474040566878712,-0.7849811040979192,-0.33510646244883624,0.3054187299626456,-0.10000639866126958,-0.4867329524313043,0.585687437847058,0.7383397683720494,-0.16840921616438645
149,한국앤컴퍼니,-1.1053759667728402,0.5054232955997039,0.24523832005302657,-0.2842607866503513,-1.5557414927703732,-0.8066720797065997,0.28504653389692575,-0.1234103749896992,-0.09661558295910269,-0.51827413090185,-0.49486861700321066,1.061493856836154,-0.41080020064067857
150,하이트진로,-0.8548021558329576,-1.5575289313378622,0.31849650650366795,0.49125335272833714,-1.2289029702695007,-0.8191563286281013,0.03860317451996117,-0.8887914468841054,-0.07429862438375327,-0.19585319542516066,-0.656394468463918,1.097399866665499,-0.3098039571088902
151,DGB금융지주,-1.6223642308011506,-1.5575289313378622,0.33942741691813694,1.044569620712008,-0.6078660808782649,-0.8221718348821012,0.7551282698440585,-0.25487396770244447,-0.09930411674805929,-0.5603290355292443,-0.47223512448821064,1.95465585134111,-0.4713979467597516
152,롯데웰푸드,0.8810243884241465,-1.5575289313378622,0.5435037934592093,0.6698830140459002,-1.167703472628735,-0.8256492203005422,-1.5940992207040472,1.1862674708538785,-0.08887629440039124,-0.42014602010459673,0.16790628820432615,-0.12340446753222999,0.5183652398517745
153,종근당,0.5883153596273354,0.5054232955997039,-0.7385144694270149,-1.1904795562614028,-1.2414601946554085,-0.8283763850890048,-1.3223409426888706,0.19629237870884425,-0.09730367735891479,-0.06618390615736171,1.0470794633113754,-0.5677413391703738,-0.24920621098981716
154,한샘,0.07333925228238145,0.5054232955997039,0.07255830913365759,-0.25811986060387865,-1.0208893566104527,-0.8395361515297376,-0.8501432758357365,-0.6775600327458098,-0.10199265053701588,0.34735598934534856,-0.7129229961111375,2.434898732808599,1.1243427010425049
155,한국콜마,0.0506610282033895,-1.5575289313378622,1.2237583819294509,3.270905155669928,0.5910294554976879,-0.8597293944904767,-0.8476863602017922,-0.43355343930197315,0.07519520429295178,0.05998080772482112,-0.6878605434237961,-0.5587648367130376,-0.4511986980533939
156,DL이앤씨,-0.3947910557624216,-1.5575289313378622,0.34727650832356277,0.5958170569142277,-0.9655277015644531,-0.876057484126069,-0.4454459586860603,0.6694575735484711,-0.0968425831734737,-0.5393015832155471,-0.19632733036633251,-0.37474653633764465,-0.4915971954661093
157,녹십자,0.6411154339747848,-1.5575289313378622,0.43884924138686454,0.6001738779219732,-1.2402301763561694,-0.880010412972849,-1.4198784075352526,0.6375111971358673,-0.10199265053701588,-0.29748588160803013,-0.7129229961111375,-0.4330938023103302,-0.08761222133895574
158,GS건설,-1.1082796260574386,0.5054232955997039,0.26355286666568695,-0.0882038413018064,-0.5867993508710247,-0.9002990680657889,0.20062388425298716,0.016015223440384266,-0.10199265053701588,-0.5393015832155471,-0.7129229961111375,-1.0345194669518585,-0.693589682529686
159,효성,0.09544036901339163,0.5054232955997039,-0.05825988095677346,-0.5935950782002775,-0.9663556927729631,-0.9139499107242433,-0.9401153407984728,0.7014883278869402,14.014583180659862,-0.47271465088883957,-0.7125917742694546,1.2230709010682064,0.5183652398517745
160,덴티움,0.6534462043444043,0.5054232955997039,-0.8431690214993598,-1.2209773033156208,-0.25588452865455374,-0.9150823326219378,-1.464076912221965,0.06087457501878552,-0.09479958124413465,0.09853113696659915,0.5228656952078629,-0.8774306739484742,-0.5319956928788246
161,에스디바이오센서,-1.4520201877994874,0.5054232955997039,0.29233286848558176,0.14706449311644734,-1.4955475245832521,-0.9187895343462043,0.5055557525684928,-0.5918588141091515,-0.10199265053701588,-0.4867329524313043,-0.7129229961111375,-1.0345194669518585,-0.693589682529686
162,대웅제약,0.5981572049332223,0.5054232955997039,-0.1890780710472045,-0.3583267437820237,-1.130232275212559,-0.9307733269971808,-1.426870207262381,0.22515014082537557,-0.09490598759462106,-0.0802022076998264,0.4635769855466189,-0.7831773981464436,-0.4511986980533939
163,LX인터내셔널,-0.45709115900704134,0.5054232955997039,0.26878559426930415,0.19934634520939262,-0.011280389182947681,-0.9372846526104043,-0.44405094804270023,0.1834674275358274,-0.09510461278219569,-0.4657055001176072,-0.3535472978851618,0.6710159999420274,-0.20880771357710182
164,TCC스틸,-0.12533010103888592,0.5054232955997039,0.059476490124614485,-0.4716040899834051,0.2860763141351879,-0.945261304779642,-0.7623730686508782,-1.3335219447393305,-0.10199265053701588,1.2024723834356985,-0.7129229961111375,-0.9582191960645003,-0.6612708845995138
165,삼아알미늄,0.36685336754791875,-1.5575289313378622,0.43884924138686454,0.6742398350536456,0.28965074899060067,-0.9548251712087914,-1.2325019884795,-0.8123530358513912,0.14432386332562191,1.0097207372268082,-0.6869772851793082,-0.9806604522078409,-0.6531911851169707
166,롯데정밀화학,-0.1328661389141926,0.5054232955997039,0.007149214088442069,-0.658947393316459,-0.7949887475115227,-0.966759195157329,-0.775320253031624,0.4859506983465404,-0.0974384587361976,-0.4692100755032234,0.07615783805815539,0.9223580687474424,0.11438026572462102
167,롯데칠성,0.7503716492343009,0.5054232955997039,-0.0059326049206010366,-0.005424242154643056,-1.1899255602955277,-0.9717426566825708,-1.607642323947473,0.8265326242892834,-0.09653755163541267,-0.3360362108498082,1.1086867258643998,0.168331862331198,0.679959229502636
168,현대백화점,-0.06116658117812632,0.5054232955997039,0.24262195625121796,0.1862758821861563,-0.9142900868421722,-0.9798591687104431,-0.854703392861232,1.087669100316464,-0.10199265053701588,-0.5568244601436281,-0.7129229961111375,0.13691410373052104,-0.16840921616438645
169,동원시스템즈,-0.25236224125139894,-1.5575289313378622,0.34727650832356277,0.569676130867755,-1.367976202458776,-0.9850920747074197,-0.6804025823240684,-0.48831367201306597,-0.08906073207456769,-0.10823881078475593,-0.470689422560357,-0.3612817826516403,-0.4511986980533939
170,DL,0.022641624500761664,0.5054232955997039,0.22954013724217484,0.16884859815517453,-1.0516357810415484,-0.9920368012717258,-0.9445750357821774,0.9452679543733464,-0.10199265053701588,-0.5287878570586986,-0.7129229961111375,-0.2176577433342604,-0.2896047084025325
171,코오롱인더,-0.21621296399956377,0.5054232955997039,0.11180376616078691,-0.36704038579751463,-0.6678225713607343,-0.9942681439703203,-0.722819176290854,0.4772528823043268,-0.0789166599948634,-0.48322837704568816,-0.5713808624319667,0.3658149163925953,-0.16840921616438645
172,영원무역홀딩스,0.37743244081419286,-1.5575289313378622,0.4126856033687783,0.6176011619529549,-2.117997059263062,-1.0106099018142878,-1.2943375742811183,1.0822104614118662,-0.10016246130864964,-0.4972466785881529,2.8236430148180345,1.1243293740375075,0.9102306647551135
173,코스모화학,-0.5361667713011206,0.5054232955997039,0.11180376616078691,-0.698158782386168,-0.7866370261033717,-1.0248734507628634,-0.45147134742368006,-1.4393320616547043,-0.10199265053701588,0.6767860755932703,-0.7129229961111375,-1.0345194669518585,-0.693589682529686
174,SK네트웍스,-2.0687755037129256,0.5054232955997039,0.29233286848558176,-0.11870158835602451,-1.211153843495088,-1.036763360283894,0.9737893693491421,-1.1844271392472705,-0.10199265053701588,-0.47972380166007195,-0.7129229961111375,0.7832222806587305,-0.6127926877042553
175,KG모빌리티,-1.98825077366277,0.5054232955997039,0.2661692304674955,-0.8462906966495131,-0.8626768727187344,-1.0653556828693702,0.8717034849229659,-1.6563822037591507,-0.021889949890847464,-0.3115041831504949,-0.7076234466442107,-1.0345194669518585,-0.693589682529686
176,대웅,-0.9950038846657943,0.5054232955997039,0.16674740599876794,-0.9377839378121673,-1.5835733651233093,-1.1242919559073603,-0.11401480672695895,-0.5991663918144065,-0.09872242869873357,-0.3815956908628187,-0.30529931628001544,-0.7697126444604394,-0.6531911851169707
177,일진하이솔루스,-0.6181923505682406,0.5054232955997039,0.059476490124614485,-1.1164135991297304,-0.7594483849774132,-1.156508808887816,-0.4971235960621526,-1.34310920135822,0.37547392536559693,0.41744749705767237,-0.7086171121692595,-1.0345194669518585,-0.693589682529686
178,대한유화,0.8721466023961522,0.5054232955997039,-1.2617872297887391,-1.3168273654860208,-0.19184734494587083,-1.1603898253010576,-1.8973414562075757,1.3713233527126827,-0.10199265053701588,-0.4692100755032234,-0.7129229961111375,-0.7293183834024262,-0.2896047084025325
179,한일시멘트,-1.1995892918763145,-1.5575289313378622,0.3106474150982421,0.4346146796276464,-1.7178991878439511,-1.177252487672815,0.0284193388894146,-0.5973833877944073,-0.09811236562261151,-0.4341643216470615,-0.4416523077728204,1.6359900141056736,-0.37040170322796323
180,SK케미칼,0.0034469038254862057,0.5054232955997039,0.22954013724217484,0.16013495613968362,-1.6770271010249849,-1.1813455211125878,-1.1027876369592111,0.6133516278673679,-0.08360563317296447,-0.4692100755032234,-0.48415911078879603,-0.4914410682830158,-0.43099944934703627
181,오리온홀딩스,-1.1164618981235257,0.5054232955997039,0.29233286848558176,0.2298440922636107,-2.00630301468924,-1.181347744430737,-0.05329563641338044,-0.23863491701664505,-0.0946222373266573,-0.4972466785881529,-0.5558134358728692,1.241023905982879,-0.3906009519343209
182,더블유게임즈,-0.18753276904951877,0.5054232955997039,0.12488558516983002,-0.29297442866584217,-0.8721091422205867,-1.1813970523889799,-0.9238669289883642,-0.0835004077250141,-0.09798467800202781,-0.30099045699364635,0.1300365909719115,0.006754818099145525,-0.2896047084025325
183,하나투어,0.04912788318955316,0.5054232955997039,0.046394671115571384,-0.3539699227742783,-0.6798823153781781,-1.1991849111885704,-1.1621996613613472,-1.1625573829163591,-0.08876988804990484,1.1639220541939206,-0.3777264923280155,2.928606367962092,1.3263351881060816
184,율촌화학,-0.39096217565809305,-1.5575289313378622,0.8051401736400714,2.9746413271432384,-0.5616742729543361,-1.2611859574559008,-0.8074944384044493,-1.0733509826151517,-0.10199265053701588,0.3263285370316514,-0.7129229961111375,-0.7068771272590856,-0.5925934389978976
185,대상,-0.6960211504479891,-1.5575289313378622,0.373440146341649,0.8615831383866995,-0.2945594842740675,-1.2759173981867038,-0.5353283577747038,-0.2351422519744873,-0.09284879815188382,-0.4131368693333643,-0.5073446397066009,0.4600681921946258,-0.37040170322796323
186,PI첨단소재,-0.5590437195105231,-1.5575289313378622,0.7135674405767697,2.9485004010967657,-0.15664443520571747,-1.282630104935378,-0.6699412344318332,-1.1819822200523673,-0.10199265053701588,0.27726448163302486,-0.7129229961111375,-1.0345194669518585,-0.693589682529686
187,세아베스틸지주,-0.7367687160853101,-1.5575289313378622,0.3341946893145197,0.5958170569142277,-1.39148360429307,-1.286827139057828,-0.5072969332789057,0.07012318589753452,-0.09745264624959578,-0.49374210320253675,-0.31810656082508865,1.317324176870237,-0.20880771357710182
188,후성,-1.69468407928592,0.5054232955997039,0.3001819598910076,0.23420091327135614,-0.1621231997948942,-1.2933487737839262,0.3843565101153429,-2.104632696465317,-0.10199265053701588,0.18264094622138777,-0.7129229961111375,-1.0345194669518585,-0.693589682529686
189,한세실업,-0.8435788568477076,0.5054232955997039,0.2949492322873904,0.2951964073797923,-1.5550992592646375,-1.2988807789524581,-0.41842066528867483,-0.8574976482234868,-0.0969489895239601,-0.20636692158200923,-0.398262246512357,0.07407858652916749,-0.4915971954661093
190,GKL,-1.2231692811057262,0.5054232955997039,0.2478546838548352,-0.3496131017665329,-1.303407455466047,-1.299883017847249,-0.0636214655692835,-1.5489729106500647,-0.08890466942718761,0.04596250618235635,-0.6346442341934059,0.17730836478853426,-0.5509829866628009
191,아시아나항공,-1.4057475797945758,0.5054232955997039,0.28186741327834725,-0.0010674211468976605,-1.467621132362992,-1.322111646555137,0.08679579164867209,-1.3052034338813963,-0.08251319464130401,-0.23440352466693876,-0.670305785814601,-1.0345194669518585,-0.693589682529686
192,TKG휴켐스,-0.8929937749267703,0.5054232955997039,0.2583201390620697,-0.022851526185624832,-1.6695601959327513,-1.3296353098187788,-0.40073707992667923,-0.6320927502711093,-0.09812655313600971,-0.3360362108498082,-0.32517262678099107,1.312835925641569,-0.2896047084025325
193,명신산업,-1.1247219865931104,0.5054232955997039,0.2609365028638783,-0.12305840936376995,-1.4631873203899441,-1.3446581696023763,-0.19755672082280565,-1.2206285783344344,-0.09841739716067256,-0.13627541386968547,-0.3917482169592594,-0.7293183834024262,-0.6531911851169707
194,아이에스동서,-0.6605669911436816,0.5054232955997039,0.22954013724217484,-0.11434476734827907,-1.4196113064200455,-1.3607463824685382,-0.6475084442566816,0.02810034862602385,-0.09867277240183993,-0.47271465088883957,-0.12356893247664956,1.658431270249014,-0.08761222133895574
195,롯데관광개발,-1.4801222612399425,0.5054232955997039,0.24000559244940933,-0.7286565294403862,-0.5568182723575466,-1.3763960160555802,0.1059728859098875,-3.0781214039740314,-0.10199265053701588,3.094943091668441,-0.7129229961111375,-1.0345194669518585,-0.693589682529686
196,영풍,1.6914552617037018,-1.5575289313378622,1.616212952200744,0.9922877686190629,-1.7188315107146106,-1.438123776798086,-2.923612044668546,2.923096750568671,-0.10199265053701588,-0.5813564878429415,-0.7129229961111375,0.1638436111025298,3.3462600587418496
197,KG스틸,-1.7798564151795122,-1.5575289313378622,0.33942741691813694,1.1752742509443712,-0.8197712903020764,-1.4402831854962117,0.32742161590352004,-0.7459537941933848,-0.09990708606748228,-0.5147695555162338,-0.4543491450373326,0.26707338936189656,-0.6127926877042553
198,녹십자홀딩스,-1.1493742105093365,0.5054232955997039,0.2504710476566438,-0.25811986060387865,-2.0273130583454786,-1.465229288839564,-0.28667600495151846,-0.6431746984663005,-0.10199265053701588,-0.4096322939477482,-0.7129229961111375,-0.08749845770288499,-0.57239419029154
199,신풍제약,-1.2577096422882612,0.5054232955997039,0.2609365028638783,-0.21019482951867874,-1.2267626000488936,-1.4700220311269419,-0.18960934181281747,-1.7305695970838422,-0.10199265053701588,0.19665924776385252,-0.7129229961111375,-1.0345194669518585,-0.693589682529686
